CODIGO_COMUNA,CODIGO_BARRIO,NOMBRE_BARRIO
0,0,Por Ubicar
1,0,Por Ubicar
1,1,Santo Domingo Savio No.1
1,2,Santo Domingo Savio No.2
1,3,Popular
1,4,Granizal
1,5,Moscú No.2
1,6,Villa Guadalupe
1,7,San Pablo
1,8,El Compromiso
1,9,Aldea Pablo VI
1,10,La Esperanza No.2
1,11,La Avanzada
1,12,Carpinelo
2,0,Por Ubicar
2,1,La Isla
2,2,Playón de los comuneros
2,3,Pablo VI
2,4,La Frontera
2,5,La Francia
2,6,Andalucía
2,7,Villa del Socorro
2,8,Villaniza
2,9,Moscú NRO.1
2,10,Santacruz
2,11,La Rosa
3,0,Por Ubicar
3,1,La Salle
3,2,Las Granjas
3,3,Campo Valdés No.2
3,4,Santa Inés
3,5,El Raizal
3,6,El Pomar
3,7,Manrique Central No.2
3,8,Manrique Oriental
3,9,Versalles No.1
3,10,Versalles No.2
3,11,La Cruz
3,12,Oriente
3,13,María Cano Carambolas
3,14,San José la Cima No.1
3,15,San José la Cima No.2
4,0,Por Ubicar
4,1,Berlin
4,2,San Isidro
4,3,Palermo
4,4,Bermejal-Los Álamos
4,5,Moravia
4,6,UdeA
4,7,Sevilla
4,8,San Pedro
4,9,Manrique Central No.1
4,10,Campo Valdés No.1
4,11,Las Esmeraldas
4,12,La Piñuela
4,13,Aranjuez
4,14,Brasilia
4,15,Miranda
4,16,Jardín Botánico
4,17,Parque Norte
4,18,Parque Norte
4,19,Jardín Botánico
4,20,Universidad de Antioquia
5,0,Por Ubicar
5,1,Toscana
5,2,Las Brisas
5,3,Florencia
5,4,Tejelo
5,5,Boyacá
5,7,Héctor Abad Gómez
5,8,Belalcázar
5,9,Girardot
5,10,Tricentenario
5,11,Castilla
5,13,Francisco Antonio Zea
5,14,Alfonso López
5,17,Caribe
5,19,Progreso
5,20,Plaza de Ferias
5,21,Oleoducto
5,22,Cementerio Universal
5,23,Terminal de Transporte
6,0,Por Ubicar
6,1,Santander
6,2,Doce de Octubre No.1
6,3,Doce de Octubre No.2
6,4,Pedregal
6,5,La Esperanza
6,6,San Marín de Porres
6,7,Kennedy
6,8,Picacho
6,9,Picachito
6,10,Mirador del Doce
6,11,El Progreso No.2
6,12,El Triunfo
7,0,Por Ubicar
7,1,Universidad Nacional
7,2,Cerro el Volador
7,3,San Germán
7,4,Liceo Universidad de Antioquia
7,5,Facultad de Minas Universidad Nacional
7,6,La Pilarica
7,7,Bosques de San Pablo
7,8,Altamira
7,9,Córdoba
7,10,Lopez de Mesa
7,11,El Diamante
7,12,Aures No.2
7,13,Aures No.1
7,14,Bello Horizonte
7,15,Villa Flora
7,16,Palenque
7,17,Robledo
7,18,El Cucaracho
7,19,Fuente Clara
7,20,Santa Margarita
7,21,
7,22,Olaya Herrera
7,23,Pajarita
7,24,Montecarlo
7,25,Nueva Villa de la Iguaná
7,26,Facultad de Minas U. Nal
7,27,Fac. Veterinaria y Zootecnia U.De.A.
7,28,Ecoparque Cerro El Volador
7,29,Universidad Nacional
8,0,Por Ubicar
8,1,Villa Hermosa
8,2,La Mansión
8,3,San Miguel
8,4,La Ladera
8,5,Batallón Girardot
8,6,Llanaditas
8,7,Los Mangos
8,8,Enciso
8,9,Sucre
8,10,El Piñal
8,11,Trece de Noviembre
8,12,La Libertad
8,13,Villanita
8,14,San Antonio
8,15,Las Estancias
8,16,Villa Turbay
8,17,La Sierra
8,18,Santa Lucía Las Estancias
8,19,Villa Lilliam
9,0,Por Ubicar
9,1,Juan Pablo II
9,2,Barrio de Jesús
9,3,Bomboná No.2
9,4,Los Cerros-El Vergel
9,5,Alejandro Echavarría
9,6,Barrio Caycedo
9,7,Buenos Aires
9,8,Miraflores
9,9,Cataluña
9,10,La Milagrosa
9,11,Gerona
9,12,El Salvador
9,13,Loreto
9,14,La Asomadera No.1
9,15,La Asomadera No.2
9,16,La Asomadera No.3
9,17,Ocho de Marzo
10,0,Por Ubicar
10,1,Prado
10,2,Hospital San Vicente de Paúl
10,3,Jesús Nazareno
10,4,El Chagualo
10,5,Estación Villa
10,6,San Benito
10,7,Guayaquil
10,8,Corazón de Jesús
10,9,La Alpujarra
10,10,Centro Administrativo La Alpujarra
10,11,Calle Nueva
10,12,Perpetuo socorro
10,13,Barrio Colón
10,14,Las Palmas
10,15,Bomboná No.1
10,16,Boston
10,17,Los Ángeles
10,18,Villa Nueva
10,19,La Candelaria
10,20,San Diego
10,21,Hospital San Vicente de Paúl
10,22,La Alpujarra
10,23,Centro Administrativo
11,0,Por Ubicar
11,1,Carlos E. Restrepo
11,2,Suramericana
11,3,Naranjal
11,4,San Joaquín
11,5,Los Conquistadores
11,6,
11,7,Bolivariana
11,8,Laureles
11,9,Las Acacias
11,10,La Castellana
11,11,Lorena
11,12,El Velódromo
11,13,Estadio
11,14,Los Colores
11,15,Cuarta Brigada
11,16,
11,17,Florida Nueva
11,18,Batallón Cuarta Brigada
11,19,U.D. Atanasio Girardot
11,20,U.P.B
12,0,Por Ubicar
12,1,Ferrini
12,2,Calazans
12,3,Los Pinos
12,4,La América
12,5,La Floresta
12,6,Santa Lucía
12,7,El Danubio
12,8,Campo Alegre
12,9,Santa Mónica
12,10,Barrio Cristobal
12,11,Simón Bolívar
12,12,Santa Teresita
12,13,Calazans Parte Alta
13,0,Por Ubicar
13,1,El Pesebre
13,2,Blanquizal
13,3,Santa Rosa de Lima
13,4,Los Alcázares
13,5,Metropolitano
13,6,La Pradera
13,7,Juan XXIII La Quiebra
13,8,San Javier No.2
13,9,San Javier No.1
13,10,Veinte de Julio
13,11,Belencito
13,12,Betania
13,13,El Corazón
13,14,Las Independencias
13,15,Nuevos Conquistadores
13,16,El Salado
13,17,Eduardo Santos
13,18,Antonio Nariño
13,19,El Socorro
14,0,Por Ubicar
14,1,Barrio Colombia
14,3,Villa Carlota
14,4,Castropol
14,5,Lalinde
14,6,Las Lomas No.1
14,7,Las Lomas No.2
14,8,Altos Del Poblado
14,9,El Tesoro
14,10,Los Naranjos
14,11,Los Balsos No.1
14,12,San Lucas
14,13,El Diamante No.2
14,14,El Castillo
14,15,Los Balsos No.2
14,16,Alejandría
14,17,La Florida
14,18,El Poblado
14,19,Manila
14,20,Astorga
14,21,Patio Bonito
14,22,La Aguacatala
14,23,Santa María De Los Ángeles
15,0,Por Ubicar
15,1,El Rodeo
15,2,Tenche
15,3,Trinidad
15,4,Santa Fé
15,5,
15,6,Aeroparque Juan Pablo II
15,7,Campo Amor
15,8,
15,9,Cristo Rey
15,10,Guayabal
15,11,La Colina
15,12,Parque Juan Pablo II
15,13,El Rodeo
16,0,Por Ubicar
16,1,Fátima
16,2,Rosales
16,3,Belén
16,4,Granada
16,5,San Bernardo
16,6,Las Playas
16,7,Diego Echavarría
16,8,La Mota
16,9,La Hondonada
16,10,El Rincón
16,11,La Loma de los Bernal
16,12,La Gloria
16,13,Altavista
16,14,La Palma
16,15,Los Alpes
16,16,Las Violetas
16,17,Las Mercedes
16,18,Nueva Villa del Aburrá
16,19,Miravalle
16,20,El Nogal-Los Almendros
16,21,Cerro Nutibara
16,22,Cerro Nutibara Ins.
50,0,Por Ubicar
50,1,
50,2,La Sucia
50,3,
50,4,Palmitas sector central
50,5,Volcana Guayabal
50,6,
50,7,La Aldea
60,0,Por Ubicar
60,1,La Palma S.C.
60,2,El Patio
60,3,El Uvito
60,4,La Cuchilla
60,5,Naranjal S.C.
60,6,Boquerón
60,7,San José de La Montaña
60,8,
60,9,El Yolombó
60,10,El Carmelo
60,11,El Picacho
60,12,Pajarito S.C.
60,13,Pedregal Alto
60,14,La Loma
60,15,Las Playas S.C.
60,16,Travesias
60,17,El Llano
60,18,Área de expansión Pajarito
60,19,Área de expansión Calazans
60,20,Área Urbana Cgto. San Cristóbal
70,0,Por Ubicar
70,1,Buga Patio Bonito
70,2,Aguas Frías
70,3,El Corazón el Morro
70,4,San Pablo A.V.
70,5,Altavista Sector Central
70,6,La Esperanza A.V.
70,7,San José del Manzanillo
70,8,El Jardín
70,9,Área de expansión Altavista
70,10,Área de expansión Belén
80,0,Por Ubicar
80,1,La Florida S.A.P.
80,2,Potrerito
80,3,Montañita
80,4,Yarumalito
80,5,El Astillero
80,6,V. El Salado
80,7,La Verde
80,8,San José
80,9,Área de expansión San Antonio De Prado
80,10,Área Urbana Cgto. San Antonio de Prado
90,0,Por Ubicar
90,1,Las Palmas S.E.
90,2,Media Luna
90,3,Piedras Blancas Matasano
90,4,Barro Blanco
90,5,El Placer
90,6,Santa Elena sector central
90,7,El Cerro
90,8,El Llano Santa Elena
90,9,El Plan
90,10,Piedra Gorda
90,11,Mazo
